RepeatID	Chr	Start	End	Strand	Sample	Count
Helitron1_CE	chrI	209581	209791	-	rDNAdel.ESC134_L1_rep1__fsp_ht2.ce10_sbl_sSR.bam	298.77
Helitron1_CE	chrII	1961418	1969839	-	rDNAdel.ESC134_L1_rep1__fsp_ht2.ce10_sbl_sSR.bam	298.77
Helitron1_CE	chrIII	121008	121087	-	rDNAdel.ESC134_L1_rep1__fsp_ht2.ce10_sbl_sSR.bam	298.77
Helitron1_CE	chrIV	280662	281244	+	rDNAdel.ESC134_L1_rep1__fsp_ht2.ce10_sbl_sSR.bam	298.77
Helitron1_CE	chrV	254362	254503	-	rDNAdel.ESC134_L1_rep1__fsp_ht2.ce10_sbl_sSR.bam	298.77
Helitron1_CE	chrX	282801	283162	+	rDNAdel.ESC134_L1_rep1__fsp_ht2.ce10_sbl_sSR.bam	298.77
Helitron1_CE	chrI	209581	209791	-	rDNAdel.ESC134_L1_rep2__fsp_ht2.ce10_sbl_sSR.bam	2247.16
Helitron1_CE	chrII	1961418	1969839	-	rDNAdel.ESC134_L1_rep2__fsp_ht2.ce10_sbl_sSR.bam	2247.16
Helitron1_CE	chrIII	121008	121087	-	rDNAdel.ESC134_L1_rep2__fsp_ht2.ce10_sbl_sSR.bam	2247.16
Helitron1_CE	chrIV	280662	281244	+	rDNAdel.ESC134_L1_rep2__fsp_ht2.ce10_sbl_sSR.bam	2247.16
Helitron1_CE	chrV	254362	254503	-	rDNAdel.ESC134_L1_rep2__fsp_ht2.ce10_sbl_sSR.bam	2247.16
Helitron1_CE	chrX	282801	283162	+	rDNAdel.ESC134_L1_rep2__fsp_ht2.ce10_sbl_sSR.bam	2247.16
Helitron1_CE	chrI	209581	209791	-	rDNAdel.ESC190_L1_rep1__fsp_ht2.ce10_sbl_sSR.bam	3974.22
Helitron1_CE	chrII	1961418	1969839	-	rDNAdel.ESC190_L1_rep1__fsp_ht2.ce10_sbl_sSR.bam	3974.22
Helitron1_CE	chrIII	121008	121087	-	rDNAdel.ESC190_L1_rep1__fsp_ht2.ce10_sbl_sSR.bam	3974.22
Helitron1_CE	chrIV	280662	281244	+	rDNAdel.ESC190_L1_rep1__fsp_ht2.ce10_sbl_sSR.bam	3974.22
Helitron1_CE	chrV	254362	254503	-	rDNAdel.ESC190_L1_rep1__fsp_ht2.ce10_sbl_sSR.bam	3974.22
Helitron1_CE	chrX	282801	283162	+	rDNAdel.ESC190_L1_rep1__fsp_ht2.ce10_sbl_sSR.bam	3974.22
Helitron1_CE	chrI	209581	209791	-	rDNAdel.ESC190_L1_rep2__fsp_ht2.ce10_sbl_sSR.bam	2376.76
Helitron1_CE	chrII	1961418	1969839	-	rDNAdel.ESC190_L1_rep2__fsp_ht2.ce10_sbl_sSR.bam	2376.76
Helitron1_CE	chrIII	121008	121087	-	rDNAdel.ESC190_L1_rep2__fsp_ht2.ce10_sbl_sSR.bam	2376.76
Helitron1_CE	chrIV	280662	281244	+	rDNAdel.ESC190_L1_rep2__fsp_ht2.ce10_sbl_sSR.bam	2376.76
Helitron1_CE	chrV	254362	254503	-	rDNAdel.ESC190_L1_rep2__fsp_ht2.ce10_sbl_sSR.bam	2376.76
Helitron1_CE	chrX	282801	283162	+	rDNAdel.ESC190_L1_rep2__fsp_ht2.ce10_sbl_sSR.bam	2376.76
Helitron1_CE	chrI	209581	209791	-	rDNAdel.ESC190_L1_rep3__fsp_ht2.ce10_sbl_sSR.bam	2414.3
Helitron1_CE	chrII	1961418	1969839	-	rDNAdel.ESC190_L1_rep3__fsp_ht2.ce10_sbl_sSR.bam	2414.3
Helitron1_CE	chrIII	121008	121087	-	rDNAdel.ESC190_L1_rep3__fsp_ht2.ce10_sbl_sSR.bam	2414.3
Helitron1_CE	chrIV	280662	281244	+	rDNAdel.ESC190_L1_rep3__fsp_ht2.ce10_sbl_sSR.bam	2414.3
Helitron1_CE	chrV	254362	254503	-	rDNAdel.ESC190_L1_rep3__fsp_ht2.ce10_sbl_sSR.bam	2414.3
Helitron1_CE	chrX	282801	283162	+	rDNAdel.ESC190_L1_rep3__fsp_ht2.ce10_sbl_sSR.bam	2414.3
Helitron1_CE	chrI	209581	209791	-	rDNAdel.ESC190_L1_rep4__fsp_ht2.ce10_sbl_sSR.bam	7189.93
Helitron1_CE	chrII	1961418	1969839	-	rDNAdel.ESC190_L1_rep4__fsp_ht2.ce10_sbl_sSR.bam	7189.93
Helitron1_CE	chrIII	121008	121087	-	rDNAdel.ESC190_L1_rep4__fsp_ht2.ce10_sbl_sSR.bam	7189.93
Helitron1_CE	chrIV	280662	281244	+	rDNAdel.ESC190_L1_rep4__fsp_ht2.ce10_sbl_sSR.bam	7189.93
Helitron1_CE	chrV	254362	254503	-	rDNAdel.ESC190_L1_rep4__fsp_ht2.ce10_sbl_sSR.bam	7189.93
Helitron1_CE	chrX	282801	283162	+	rDNAdel.ESC190_L1_rep4__fsp_ht2.ce10_sbl_sSR.bam	7189.93
Helitron1_CE	chrI	209581	209791	-	rpoa.2.degron_auxin.0mM_24hr_rep1__fsp_ht2.ce10_sbl_sSR.bam	0.8
Helitron1_CE	chrII	1961418	1969839	-	rpoa.2.degron_auxin.0mM_24hr_rep1__fsp_ht2.ce10_sbl_sSR.bam	0.8
Helitron1_CE	chrIII	121008	121087	-	rpoa.2.degron_auxin.0mM_24hr_rep1__fsp_ht2.ce10_sbl_sSR.bam	0.8
Helitron1_CE	chrIV	280662	281244	+	rpoa.2.degron_auxin.0mM_24hr_rep1__fsp_ht2.ce10_sbl_sSR.bam	0.8
Helitron1_CE	chrV	254362	254503	-	rpoa.2.degron_auxin.0mM_24hr_rep1__fsp_ht2.ce10_sbl_sSR.bam	0.8
Helitron1_CE	chrX	282801	283162	+	rpoa.2.degron_auxin.0mM_24hr_rep1__fsp_ht2.ce10_sbl_sSR.bam	0.8
Helitron1_CE	chrI	209581	209791	-	rpoa.2.degron_auxin.0mM_24hr_rep3__fsp_ht2.ce10_sbl_sSR.bam	1.87
Helitron1_CE	chrII	1961418	1969839	-	rpoa.2.degron_auxin.0mM_24hr_rep3__fsp_ht2.ce10_sbl_sSR.bam	1.87
Helitron1_CE	chrIII	121008	121087	-	rpoa.2.degron_auxin.0mM_24hr_rep3__fsp_ht2.ce10_sbl_sSR.bam	1.87
Helitron1_CE	chrIV	280662	281244	+	rpoa.2.degron_auxin.0mM_24hr_rep3__fsp_ht2.ce10_sbl_sSR.bam	1.87
Helitron1_CE	chrV	254362	254503	-	rpoa.2.degron_auxin.0mM_24hr_rep3__fsp_ht2.ce10_sbl_sSR.bam	1.87
Helitron1_CE	chrX	282801	283162	+	rpoa.2.degron_auxin.0mM_24hr_rep3__fsp_ht2.ce10_sbl_sSR.bam	1.87
Helitron1_CE	chrI	209581	209791	-	rpoa.2.degron_eft3p.TIR1_auxin.1mM_24hr_rep1__fsp_ht2.ce10_sbl_sSR.bam	1.38
Helitron1_CE	chrII	1961418	1969839	-	rpoa.2.degron_eft3p.TIR1_auxin.1mM_24hr_rep1__fsp_ht2.ce10_sbl_sSR.bam	1.38
Helitron1_CE	chrIII	121008	121087	-	rpoa.2.degron_eft3p.TIR1_auxin.1mM_24hr_rep1__fsp_ht2.ce10_sbl_sSR.bam	1.38
Helitron1_CE	chrIV	280662	281244	+	rpoa.2.degron_eft3p.TIR1_auxin.1mM_24hr_rep1__fsp_ht2.ce10_sbl_sSR.bam	1.38
Helitron1_CE	chrV	254362	254503	-	rpoa.2.degron_eft3p.TIR1_auxin.1mM_24hr_rep1__fsp_ht2.ce10_sbl_sSR.bam	1.38
Helitron1_CE	chrX	282801	283162	+	rpoa.2.degron_eft3p.TIR1_auxin.1mM_24hr_rep1__fsp_ht2.ce10_sbl_sSR.bam	1.38
Helitron1_CE	chrI	209581	209791	-	rpoa.2.degron_eft3p.TIR1_auxin.1mM_24hr_rep2__fsp_ht2.ce10_sbl_sSR.bam	14.84
Helitron1_CE	chrII	1961418	1969839	-	rpoa.2.degron_eft3p.TIR1_auxin.1mM_24hr_rep2__fsp_ht2.ce10_sbl_sSR.bam	14.84
Helitron1_CE	chrIII	121008	121087	-	rpoa.2.degron_eft3p.TIR1_auxin.1mM_24hr_rep2__fsp_ht2.ce10_sbl_sSR.bam	14.84
Helitron1_CE	chrIV	280662	281244	+	rpoa.2.degron_eft3p.TIR1_auxin.1mM_24hr_rep2__fsp_ht2.ce10_sbl_sSR.bam	14.84
Helitron1_CE	chrV	254362	254503	-	rpoa.2.degron_eft3p.TIR1_auxin.1mM_24hr_rep2__fsp_ht2.ce10_sbl_sSR.bam	14.84
Helitron1_CE	chrX	282801	283162	+	rpoa.2.degron_eft3p.TIR1_auxin.1mM_24hr_rep2__fsp_ht2.ce10_sbl_sSR.bam	14.84
Helitron1_CE	chrI	209581	209791	-	rpoa.2.degron_eft3p.TIR1_auxin.1mM_24hr_rep3__fsp_ht2.ce10_sbl_sSR.bam	8.88
Helitron1_CE	chrII	1961418	1969839	-	rpoa.2.degron_eft3p.TIR1_auxin.1mM_24hr_rep3__fsp_ht2.ce10_sbl_sSR.bam	8.88
Helitron1_CE	chrIII	121008	121087	-	rpoa.2.degron_eft3p.TIR1_auxin.1mM_24hr_rep3__fsp_ht2.ce10_sbl_sSR.bam	8.88
Helitron1_CE	chrIV	280662	281244	+	rpoa.2.degron_eft3p.TIR1_auxin.1mM_24hr_rep3__fsp_ht2.ce10_sbl_sSR.bam	8.88
Helitron1_CE	chrV	254362	254503	-	rpoa.2.degron_eft3p.TIR1_auxin.1mM_24hr_rep3__fsp_ht2.ce10_sbl_sSR.bam	8.88
Helitron1_CE	chrX	282801	283162	+	rpoa.2.degron_eft3p.TIR1_auxin.1mM_24hr_rep3__fsp_ht2.ce10_sbl_sSR.bam	8.88
Helitron1_CE	chrI	209581	209791	-	wt.N2_L1_rep1__fsp_ht2.ce10_sbl_sSR.bam	54.35
Helitron1_CE	chrII	1961418	1969839	-	wt.N2_L1_rep1__fsp_ht2.ce10_sbl_sSR.bam	54.35
Helitron1_CE	chrIII	121008	121087	-	wt.N2_L1_rep1__fsp_ht2.ce10_sbl_sSR.bam	54.35
Helitron1_CE	chrIV	280662	281244	+	wt.N2_L1_rep1__fsp_ht2.ce10_sbl_sSR.bam	54.35
Helitron1_CE	chrV	254362	254503	-	wt.N2_L1_rep1__fsp_ht2.ce10_sbl_sSR.bam	54.35
Helitron1_CE	chrX	282801	283162	+	wt.N2_L1_rep1__fsp_ht2.ce10_sbl_sSR.bam	54.35
Helitron1_CE	chrI	209581	209791	-	wt.N2_L1_rep2__fsp_ht2.ce10_sbl_sSR.bam	45.38
Helitron1_CE	chrII	1961418	1969839	-	wt.N2_L1_rep2__fsp_ht2.ce10_sbl_sSR.bam	45.38
Helitron1_CE	chrIII	121008	121087	-	wt.N2_L1_rep2__fsp_ht2.ce10_sbl_sSR.bam	45.38
Helitron1_CE	chrIV	280662	281244	+	wt.N2_L1_rep2__fsp_ht2.ce10_sbl_sSR.bam	45.38
Helitron1_CE	chrV	254362	254503	-	wt.N2_L1_rep2__fsp_ht2.ce10_sbl_sSR.bam	45.38
Helitron1_CE	chrX	282801	283162	+	wt.N2_L1_rep2__fsp_ht2.ce10_sbl_sSR.bam	45.38
Helitron1_CE	chrI	209581	209791	-	wt.N2_L1_rep3__fsp_ht2.ce10_sbl_sSR.bam	12.61
Helitron1_CE	chrII	1961418	1969839	-	wt.N2_L1_rep3__fsp_ht2.ce10_sbl_sSR.bam	12.61
Helitron1_CE	chrIII	121008	121087	-	wt.N2_L1_rep3__fsp_ht2.ce10_sbl_sSR.bam	12.61
Helitron1_CE	chrIV	280662	281244	+	wt.N2_L1_rep3__fsp_ht2.ce10_sbl_sSR.bam	12.61
Helitron1_CE	chrV	254362	254503	-	wt.N2_L1_rep3__fsp_ht2.ce10_sbl_sSR.bam	12.61
Helitron1_CE	chrX	282801	283162	+	wt.N2_L1_rep3__fsp_ht2.ce10_sbl_sSR.bam	12.61
Helitron1_CE	chrI	209581	209791	-	wt.N2_L1_rep4__fsp_ht2.ce10_sbl_sSR.bam	43.67
Helitron1_CE	chrII	1961418	1969839	-	wt.N2_L1_rep4__fsp_ht2.ce10_sbl_sSR.bam	43.67
Helitron1_CE	chrIII	121008	121087	-	wt.N2_L1_rep4__fsp_ht2.ce10_sbl_sSR.bam	43.67
Helitron1_CE	chrIV	280662	281244	+	wt.N2_L1_rep4__fsp_ht2.ce10_sbl_sSR.bam	43.67
Helitron1_CE	chrV	254362	254503	-	wt.N2_L1_rep4__fsp_ht2.ce10_sbl_sSR.bam	43.67
Helitron1_CE	chrX	282801	283162	+	wt.N2_L1_rep4__fsp_ht2.ce10_sbl_sSR.bam	43.67
